-- MariaDB dump 10.19  Distrib 10.6.12-MariaDB, for debian-linux-gnu (x86_64)
--
-- Host: jazzymcjazz.dk    Database: systint
-- ------------------------------------------------------
-- Server version	10.11.2-MariaDB-1:10.11.2+maria~ubu2204

/*!40101 SET @OLD_CHARACTER_SET_CLIENT=@@CHARACTER_SET_CLIENT */;
/*!40101 SET @OLD_CHARACTER_SET_RESULTS=@@CHARACTER_SET_RESULTS */;
/*!40101 SET @OLD_COLLATION_CONNECTION=@@COLLATION_CONNECTION */;
/*!40101 SET NAMES utf8mb4 */;
/*!40103 SET @OLD_TIME_ZONE=@@TIME_ZONE */;
/*!40103 SET TIME_ZONE='+00:00' */;
/*!40014 SET @OLD_UNIQUE_CHECKS=@@UNIQUE_CHECKS, UNIQUE_CHECKS=0 */;
/*!40014 SET @OLD_FOREIGN_KEY_CHECKS=@@FOREIGN_KEY_CHECKS, FOREIGN_KEY_CHECKS=0 */;
/*!40101 SET @OLD_SQL_MODE=@@SQL_MODE, SQL_MODE='NO_AUTO_VALUE_ON_ZERO' */;
/*!40111 SET @OLD_SQL_NOTES=@@SQL_NOTES, SQL_NOTES=0 */;

--
-- Table structure for table `Customer`
--

DROP TABLE IF EXISTS `Customer`;
/*!40101 SET @saved_cs_client     = @@character_set_client */;
/*!40101 SET character_set_client = utf8 */;
CREATE TABLE `Customer` (
  `id` int(11) NOT NULL AUTO_INCREMENT,
  `name` varchar(255) NOT NULL,
  `age` int(3) DEFAULT NULL,
  PRIMARY KEY (`id`)
) ENGINE=InnoDB AUTO_INCREMENT=6 DEFAULT CHARSET=utf8mb4 COLLATE=utf8mb4_general_ci;
/*!40101 SET character_set_client = @saved_cs_client */;

--
-- Dumping data for table `Customer`
--

LOCK TABLES `Customer` WRITE;
/*!40000 ALTER TABLE `Customer` DISABLE KEYS */;
INSERT INTO `Customer` VALUES (1,'John',20),(2,'Mary',30),(3,'Peter',40),(4,'Jane',50),(5,'Bob',60);
/*!40000 ALTER TABLE `Customer` ENABLE KEYS */;
UNLOCK TABLES;

--
-- Table structure for table `Item`
--

DROP TABLE IF EXISTS `Item`;
/*!40101 SET @saved_cs_client     = @@character_set_client */;
/*!40101 SET character_set_client = utf8 */;
CREATE TABLE `Item` (
  `id` int(11) NOT NULL AUTO_INCREMENT,
  `name` varchar(255) NOT NULL,
  `description` varchar(255) DEFAULT NULL,
  PRIMARY KEY (`id`)
) ENGINE=InnoDB AUTO_INCREMENT=6 DEFAULT CHARSET=utf8mb4 COLLATE=utf8mb4_general_ci;
/*!40101 SET character_set_client = @saved_cs_client */;

--
-- Dumping data for table `Item`
--

LOCK TABLES `Item` WRITE;
/*!40000 ALTER TABLE `Item` DISABLE KEYS */;
INSERT INTO `Item` VALUES (1,'Car','Shiny red car'),(2,'House','Big house'),(3,'Boat','Fast boat'),(4,'Plane','Fast plane'),(5,'Bike','Fast bike');
/*!40000 ALTER TABLE `Item` ENABLE KEYS */;
UNLOCK TABLES;

--
-- Table structure for table `Orders`
--

DROP TABLE IF EXISTS `Orders`;
/*!40101 SET @saved_cs_client     = @@character_set_client */;
/*!40101 SET character_set_client = utf8 */;
CREATE TABLE `Orders` (
  `Customerid` int(11) NOT NULL,
  `Itemid` int(11) NOT NULL,
  PRIMARY KEY (`Customerid`,`Itemid`),
  KEY `FKOrders563382` (`Itemid`),
  CONSTRAINT `FKOrders563382` FOREIGN KEY (`Itemid`) REFERENCES `Item` (`id`) ON DELETE CASCADE ON UPDATE CASCADE,
  CONSTRAINT `FKOrders800082` FOREIGN KEY (`Customerid`) REFERENCES `Customer` (`id`) ON DELETE CASCADE ON UPDATE CASCADE
) ENGINE=InnoDB DEFAULT CHARSET=utf8mb4 COLLATE=utf8mb4_general_ci;
/*!40101 SET character_set_client = @saved_cs_client */;

--
-- Dumping data for table `Orders`
--

LOCK TABLES `Orders` WRITE;
/*!40000 ALTER TABLE `Orders` DISABLE KEYS */;
INSERT INTO `Orders` VALUES (1,1),(2,2),(3,3),(4,4),(5,5);
/*!40000 ALTER TABLE `Orders` ENABLE KEYS */;
UNLOCK TABLES;
/*!40103 SET TIME_ZONE=@OLD_TIME_ZONE */;

/*!40101 SET SQL_MODE=@OLD_SQL_MODE */;
/*!40014 SET FOREIGN_KEY_CHECKS=@OLD_FOREIGN_KEY_CHECKS */;
/*!40014 SET UNIQUE_CHECKS=@OLD_UNIQUE_CHECKS */;
/*!40101 SET CHARACTER_SET_CLIENT=@OLD_CHARACTER_SET_CLIENT */;
/*!40101 SET CHARACTER_SET_RESULTS=@OLD_CHARACTER_SET_RESULTS */;
/*!40101 SET COLLATION_CONNECTION=@OLD_COLLATION_CONNECTION */;
/*!40111 SET SQL_NOTES=@OLD_SQL_NOTES */;

-- Dump completed on 2023-02-27 21:40:25
